"Status","Start Time","Stop Time","Duration in ms","Parent Suite","Suite","Sub Suite","Test Class","Test Method","Name","Description"
"passed","Mon Dec 02 04:32:56 GMT 2024","Mon Dec 02 04:33:01 GMT 2024","4993","chromium","09NonAuthorizedUser.spec.js","Contact Us","","","TC_09_06_08 | Verify unauthorized users can submit the ""Contact Us"" form for ""Affiliate"" Type","Verify unauthorized users can submit the ""Contact Us"" form"
"passed","Mon Dec 02 04:23:04 GMT 2024","Mon Dec 02 04:23:09 GMT 2024","4795","chromium","03Navigation.spec.js","Navigation","","","TC_03_02_01 | Verify navigation to Home page from fromFooterLogo","To verify that user can navigate to Home page from fromFooterLogo."
"passed","Mon Dec 02 04:29:37 GMT 2024","Mon Dec 02 04:29:42 GMT 2024","5111","chromium","08MyProfile.spec.js","My profile","","","TC_08_07 | Verify that the user can log out of the account from the Profile Menu","To verify, that the user can log out of the account from the Profile Menu"
"passed","Mon Dec 02 04:24:08 GMT 2024","Mon Dec 02 04:24:16 GMT 2024","7630","chromium","04Domains.spec.js","DNS Records","","","TC_04_04 | ""Hosted zones - DNS Record - Create with all fields AAAA","Verify DNS Record created with all fields."
"passed","Mon Dec 02 04:30:49 GMT 2024","Mon Dec 02 04:30:54 GMT 2024","5311","chromium","09NonAuthorizedUser.spec.js","Unauthorized user","","","TC_09_02_01|  Verify unauthorized user can search available domains (no filters)","Verify that unauthorized user can search available domains (no filters)"
"passed","Mon Dec 02 04:25:25 GMT 2024","Mon Dec 02 04:25:33 GMT 2024","8249","chromium","04Domains.spec.js","DNS Records","","","TC_04_05 | ""Hosted zones - DNS Record - Create with required fields MX. Ignored optional fields","Verify DNS Record with required fields."
"passed","Mon Dec 02 04:32:25 GMT 2024","Mon Dec 02 04:32:30 GMT 2024","5258","chromium","09NonAuthorizedUser.spec.js","Contact Us","","","TC_09_06_02 | Verify unauthorized users can submit the ""Contact Us"" form for ""Payment, Sales & Billing Issues"" Type","Verify unauthorized users can submit the ""Contact Us"" form"
"passed","Mon Dec 02 04:24:39 GMT 2024","Mon Dec 02 04:24:46 GMT 2024","7514","chromium","04Domains.spec.js","DNS Records","","","TC_04_04 | ""Hosted zones - DNS Record - Create with all fields NS","Verify DNS Record created with all fields."
"passed","Mon Dec 02 04:33:21 GMT 2024","Mon Dec 02 04:33:26 GMT 2024","5270","chromium","09NonAuthorizedUser.spec.js","Contact Us","","","TC_09_06_13 | Verify unauthorized users can submit the ""Contact Us"" form for ""Feedback"" Type","Verify unauthorized users can submit the ""Contact Us"" form"
"passed","Mon Dec 02 04:32:46 GMT 2024","Mon Dec 02 04:32:51 GMT 2024","4999","chromium","09NonAuthorizedUser.spec.js","Contact Us","","","TC_09_06_06 | Verify unauthorized users can submit the ""Contact Us"" form for ""SSL"" Type","Verify unauthorized users can submit the ""Contact Us"" form"
"passed","Mon Dec 02 04:20:59 GMT 2024","Mon Dec 02 04:21:04 GMT 2024","4807","chromium","02Authorization.spec.js","Authorization","","","TC_02_01 | Verify login with invalid credentials.","To verify user is not able to login with empty and invalid credentials."
"passed","Mon Dec 02 04:31:05 GMT 2024","Mon Dec 02 04:31:13 GMT 2024","7829","chromium","09NonAuthorizedUser.spec.js","Unauthorized user","","","TC_09_03_06 | Verify that user can select several TLDs and see relevant search results","Verify that user can select several TLDs and see relevant search results"
"passed","Mon Dec 02 04:25:08 GMT 2024","Mon Dec 02 04:25:17 GMT 2024","8322","chromium","04Domains.spec.js","DNS Records","","","TC_04_05 | ""Hosted zones - DNS Record - Create with required fields CNAME. Ignored optional fields","Verify DNS Record with required fields."
"passed","Mon Dec 02 04:29:28 GMT 2024","Mon Dec 02 04:29:33 GMT 2024","4545","chromium","08MyProfile.spec.js","My profile","","","TC_08_06 | Verify user can change currency from USD ($) to EUR (€) in the Profile Menu","To verify, that the user can change currency USD (EUR) in the Profile Menu"
"passed","Mon Dec 02 04:25:48 GMT 2024","Mon Dec 02 04:25:56 GMT 2024","7567","chromium","04Domains.spec.js","DNS Records","","","TC_04_06 | Verify user can edit DNS record in hosted zone","Verify user can edit DNS record in hosted zone."
"passed","Mon Dec 02 04:22:41 GMT 2024","Mon Dec 02 04:22:46 GMT 2024","4878","chromium","03Navigation.spec.js","Navigation","","","TC_03_01_06 |  Verify that user can navigate through Header links SSL certificates","To verify that user can navigate through Header links."
"passed","Mon Dec 02 04:25:01 GMT 2024","Mon Dec 02 04:25:08 GMT 2024","7441","chromium","04Domains.spec.js","DNS Records","","","TC_04_05 | ""Hosted zones - DNS Record - Create with required fields AAAA. Ignored optional fields","Verify DNS Record with required fields."
"passed","Mon Dec 02 04:32:30 GMT 2024","Mon Dec 02 04:32:36 GMT 2024","5504","chromium","09NonAuthorizedUser.spec.js","Contact Us","","","TC_09_06_03 | Verify unauthorized users can submit the ""Contact Us"" form for ""Domains"" Type","Verify unauthorized users can submit the ""Contact Us"" form"
"passed","Mon Dec 02 04:26:51 GMT 2024","Mon Dec 02 04:26:58 GMT 2024","7248","chromium","06Blog.spec.js","Blog","","","TC_06_06 |Verify Autocomplete Suggestions Displayed for Partial and Empty Search Input","Verify that user can see autocomplete suggestions that correspond to the entered letters in the Blog search, as well as previous search history when the search field is empty."
"passed","Mon Dec 02 04:26:58 GMT 2024","Mon Dec 02 04:27:04 GMT 2024","5485","chromium","06Blog.spec.js","Blog","","","TC_06_02 | Verify Search Results and Search Field Behaviors","Verify Search Results and Search Field Behaviors with relevant request"
"passed","Mon Dec 02 04:20:38 GMT 2024","Mon Dec 02 04:20:54 GMT 2024","15705","chromium","01Registration.spec.js","Registration","","","TC_01_01_04 | Verify the contact creation, redirection to Homepage, and user info accuracy","Verify the contact creation, redirection to Homepage, and user info accuracy"
"passed","Mon Dec 02 04:22:36 GMT 2024","Mon Dec 02 04:22:41 GMT 2024","5536","chromium","03Navigation.spec.js","Navigation","","","TC_03_01_05 |  Verify that user can navigate through Header links Hosting","To verify that user can navigate through Header links."
"passed","Mon Dec 02 04:23:14 GMT 2024","Mon Dec 02 04:23:20 GMT 2024","5528","chromium","03Navigation.spec.js","Navigation","","","TC_03_02_03 | Verify navigation to Home page from fromHeader","To verify that user can navigate to Home page from fromHeader."
"passed","Mon Dec 02 04:19:09 GMT 2024","Mon Dec 02 04:19:11 GMT 2024","2649","chromium","01Registration.spec.js","Registration","","","TC_01_02_02 | Verify user is not able to sign up with an invalid email: without domain","Verify that registration fails when an invalid email is used"
"passed","Mon Dec 02 04:30:44 GMT 2024","Mon Dec 02 04:30:47 GMT 2024","2537","chromium","09NonAuthorizedUser.spec.js","Unauthorized user","","","TC_09_01_07|  Verify that non authorized user can navigate through  ReportAbuse page","Verify that ReportAbuse page is accessible for non authorized user"
"passed","Mon Dec 02 04:24:54 GMT 2024","Mon Dec 02 04:25:01 GMT 2024","7315","chromium","04Domains.spec.js","DNS Records","","","TC_04_05 | ""Hosted zones - DNS Record - Create with required fields A. Ignored optional fields","Verify DNS Record with required fields."
"passed","Mon Dec 02 04:30:34 GMT 2024","Mon Dec 02 04:30:36 GMT 2024","2583","chromium","09NonAuthorizedUser.spec.js","Unauthorized user","","","TC_09_01_03|  Verify that non authorized user can navigate through  WhoIs page","Verify that WhoIs page is accessible for non authorized user"
"passed","Mon Dec 02 04:24:31 GMT 2024","Mon Dec 02 04:24:39 GMT 2024","7374","chromium","04Domains.spec.js","DNS Records","","","TC_04_04 | ""Hosted zones - DNS Record - Create with all fields MX","Verify DNS Record created with all fields."
"passed","Mon Dec 02 04:33:16 GMT 2024","Mon Dec 02 04:33:21 GMT 2024","5507","chromium","09NonAuthorizedUser.spec.js","Contact Us","","","TC_09_06_12 | Verify unauthorized users can submit the ""Contact Us"" form for ""Media Inquiries"" Type","Verify unauthorized users can submit the ""Contact Us"" form"
"passed","Mon Dec 02 04:31:01 GMT 2024","Mon Dec 02 04:31:05 GMT 2024","4416","chromium","09NonAuthorizedUser.spec.js","Unauthorized user","","","TC_09_05_02 | Verify ""Check email"" form elements and ""Back to Forgot password"" functionality","To verify Check email form elements and ""Back to Forgot password"" functionality."
"passed","Mon Dec 02 04:33:11 GMT 2024","Mon Dec 02 04:33:16 GMT 2024","4831","chromium","09NonAuthorizedUser.spec.js","Contact Us","","","TC_09_06_11 | Verify unauthorized users can submit the ""Contact Us"" form for ""Commercial Matters"" Type","Verify unauthorized users can submit the ""Contact Us"" form"
"passed","Mon Dec 02 04:27:56 GMT 2024","Mon Dec 02 04:28:02 GMT 2024","6181","chromium","07HelpCenter.spec.js","Help Center","","","TC_07_01_03 | Verify  the autocomplete suggestions displayed correspond to the entered letters in Help Center","Verify that user can see autocomplete suggestions correspond to the entered letters in Help Center"
"passed","Mon Dec 02 04:24:23 GMT 2024","Mon Dec 02 04:24:31 GMT 2024","8209","chromium","04Domains.spec.js","DNS Records","","","TC_04_04 | ""Hosted zones - DNS Record - Create with all fields DS","Verify DNS Record created with all fields."
"passed","Mon Dec 02 04:23:33 GMT 2024","Mon Dec 02 04:23:41 GMT 2024","8265","chromium","04Domains.spec.js","DNS Records","","","TC_04_13 | Visual Test: Verify text in dialog ""Create hosted zone"".","Visual tests: Dialog ""Create hosted zone"""
"passed","Mon Dec 02 04:32:20 GMT 2024","Mon Dec 02 04:32:25 GMT 2024","5054","chromium","09NonAuthorizedUser.spec.js","Contact Us","","","TC_09_06_01 | Verify unauthorized users can submit the ""Contact Us"" form for ""Account Management & Access"" Type","Verify unauthorized users can submit the ""Contact Us"" form"
"passed","Mon Dec 02 04:22:46 GMT 2024","Mon Dec 02 04:22:51 GMT 2024","4510","chromium","03Navigation.spec.js","Navigation","","","TC_03_01_07 |  Verify that user can navigate through Header links Blog","To verify that user can navigate through Header links."
"passed","Mon Dec 02 04:31:16 GMT 2024","Mon Dec 02 04:31:19 GMT 2024","2590","chromium","09NonAuthorizedUser.spec.js","Unauthorized user","","","TC_09_03_01| Verify unauthorized user can open modal window with filters for advanced search","Verify unauthorized user can open modal window with filters for advanced search"
"passed","Mon Dec 02 04:31:40 GMT 2024","Mon Dec 02 04:31:43 GMT 2024","2763","chromium","09NonAuthorizedUser.spec.js","Unauthorized user","","","TC_09_04_02 | Verify unauthorised user will be redirected to the Login Page from SSL Сertificates Page after clicking the Select button of the DV subscription SSL Сertificates","Verify that an unauthorized user will be redirected to the Login Page from the Certificates Page after clicking the Select button"
"passed","Mon Dec 02 04:31:45 GMT 2024","Mon Dec 02 04:31:48 GMT 2024","2689","chromium","09NonAuthorizedUser.spec.js","Unauthorized user","","","TC_09_04_02 | Verify unauthorised user will be redirected to the Login Page from SSL Сertificates Page after clicking the Select button of the EV subscription SSL Сertificates","Verify that an unauthorized user will be redirected to the Login Page from the Certificates Page after clicking the Select button"
"passed","Mon Dec 02 04:29:54 GMT 2024","Mon Dec 02 04:29:59 GMT 2024","5062","chromium","08MyProfile.spec.js","My profile","","","TC_08_08 | Verify Modal Window “Top Up - by Bank Card” opens with Relevant buttons if no cards are added.","To Verify Modal Window “Top Up - by Bank Card” opens with Relevant buttons if no cards are added."
"passed","Mon Dec 02 04:22:31 GMT 2024","Mon Dec 02 04:22:36 GMT 2024","4642","chromium","03Navigation.spec.js","Navigation","","","TC_03_01_04 |  Verify that user can navigate through Header links WHOIS","To verify that user can navigate through Header links."
"passed","Mon Dec 02 04:31:13 GMT 2024","Mon Dec 02 04:31:16 GMT 2024","2763","chromium","09NonAuthorizedUser.spec.js","Unauthorized user","","","TC_09_03_02 | Verify that filters button has badge indicator when at least one filter is applied","Verify that filters button has badge indicator when at least one filter is applied"
"passed","Mon Dec 02 04:19:14 GMT 2024","Mon Dec 02 04:19:17 GMT 2024","2493","chromium","01Registration.spec.js","Registration","","","TC_01_01_01 | Verify Registration form elements","Verify the registration form contains all required elements for a complete user registration"
"passed","Mon Dec 02 04:26:27 GMT 2024","Mon Dec 02 04:26:33 GMT 2024","6068","chromium","04Domains.spec.js","Hosted zones","","","TC_04_03_02 | Verify user can delete hosted zone","To verify, that user is able to delete hosted zone"
"passed","Mon Dec 02 04:22:51 GMT 2024","Mon Dec 02 04:22:55 GMT 2024","4365","chromium","03Navigation.spec.js","Navigation","","","TC_03_01_08 |  Verify that user can navigate through Header links Logo","To verify that user can navigate through Header links."
"passed","Mon Dec 02 04:28:18 GMT 2024","Mon Dec 02 04:28:25 GMT 2024","7529","chromium","07HelpCenter.spec.js","Help Center","","","TC_07_02_01 | Verify the user can navigate through the Knowledge Base sections","Verify user can navigate through the Knowledge Base sections by clicking on headings"
"skipped","Mon Dec 02 04:30:21 GMT 2024","Mon Dec 02 04:30:21 GMT 2024","0","chromium","08MyProfile.spec.js","My profile","","","TC_02_03 | User Authorization with 2FA: Use predefined user",""
"passed","Mon Dec 02 04:32:51 GMT 2024","Mon Dec 02 04:32:56 GMT 2024","5174","chromium","09NonAuthorizedUser.spec.js","Contact Us","","","TC_09_06_07 | Verify unauthorized users can submit the ""Contact Us"" form for ""Private Email"" Type","Verify unauthorized users can submit the ""Contact Us"" form"
"passed","Mon Dec 02 04:29:59 GMT 2024","Mon Dec 02 04:30:03 GMT 2024","4447","chromium","08MyProfile.spec.js","My profile","","","TC_08_02_01 | Verify the General info tab contents General info, Password, Two-factor authentication (2FA), Currency","To verify, the General info tab contents General info, Password, Two-factor authentication (2FA), Currency and the General info section contains USER EMAIL and the Delete account button"
"passed","Mon Dec 02 04:27:15 GMT 2024","Mon Dec 02 04:27:31 GMT 2024","15764","chromium","06Blog.spec.js","Blog","","","TC_06_04 | Verify switching between Blog articles By category","Verify switching between Blog articles By category"
"passed","Mon Dec 02 04:22:16 GMT 2024","Mon Dec 02 04:22:21 GMT 2024","5464","chromium","03Navigation.spec.js","Navigation","","","TC_03_01_01 |  Verify that user can navigate through Header links Registered domains","To verify that user can navigate through Header links."
"passed","Mon Dec 02 04:23:28 GMT 2024","Mon Dec 02 04:23:33 GMT 2024","4886","chromium","04Domains.spec.js","Search domains","","","TC_04_09_02 | Verify user can search the non-registered domain in Whois page","To verify that user is able to search the non-registered domain in WhoIs"
"passed","Mon Dec 02 04:31:19 GMT 2024","Mon Dec 02 04:31:24 GMT 2024","5043","chromium","09NonAuthorizedUser.spec.js","Unauthorized user","","","TC_09_03_03 | Verify that activating the 'Hide registered' toggle displays only unregistered domains in the search results, 'Reset' and 'X' buttons","Verify that activating the 'Hide registered' toggle displays only unregistered domains in the search results, 'Reset' and 'X' buttons"
"passed","Mon Dec 02 04:23:54 GMT 2024","Mon Dec 02 04:24:01 GMT 2024","6905","chromium","04Domains.spec.js","DNS Records","","","TC_04_10 | ""Add new DNS-record"" modal was closed by Cancel or by X button","Verify DNS Record with required fields"
"passed","Mon Dec 02 04:30:58 GMT 2024","Mon Dec 02 04:31:01 GMT 2024","2522","chromium","09NonAuthorizedUser.spec.js","Unauthorized user","","","TC_09_05_01 | Verify ""Forgot Password"" page elements and ""Back to Log in"" functionality","To verify Forgot Password page elements and ""Back to Log in"" functionality."
"passed","Mon Dec 02 04:31:34 GMT 2024","Mon Dec 02 04:31:37 GMT 2024","2855","chromium","09NonAuthorizedUser.spec.js","Unauthorized user","","","TC_09_04_03 | Verify unauthorised user is redirected to the Login Page by clicking on My transfers button on Transfer Page","Verify an unauthorized user is redirected to the Login Page by clicking on the My transfers button on Transfer Page"
"passed","Mon Dec 02 04:29:48 GMT 2024","Mon Dec 02 04:29:54 GMT 2024","6034","chromium","08MyProfile.spec.js","My profile","","","TC_08_03 | Verify user can see pre-defined contact on his Contacts page","To verify, that pre-defined contact is present on the Contacts page"
"passed","Mon Dec 02 04:29:42 GMT 2024","Mon Dec 02 04:29:48 GMT 2024","5444","chromium","08MyProfile.spec.js","My profile","","","TC_08_04_01 | Verify user can manage Account Notifications settings","To verify, that user user can manage Account Notifications settings"
"passed","Mon Dec 02 04:29:18 GMT 2024","Mon Dec 02 04:29:23 GMT 2024","4935","chromium","08MyProfile.spec.js","My profile","","","TC_08_02_04 | Verify user can change currency from USD ($) to EUR (€)","To verify that the user can change currency"
"passed","Mon Dec 02 04:30:12 GMT 2024","Mon Dec 02 04:30:21 GMT 2024","9033","chromium","08MyProfile.spec.js","My profile","","","TC_08_05 | Verify the user is able to see a Wallet balance and Top-Up button options in the Billing section","Verify the user is able to see a Wallet balance and Top-Up button options in the Billing section"
"passed","Mon Dec 02 04:19:06 GMT 2024","Mon Dec 02 04:19:09 GMT 2024","2535","chromium","01Registration.spec.js","Registration","","","TC_01_02_02 | Verify user is not able to sign up with an invalid email: without @","Verify that registration fails when an invalid email is used"
"passed","Mon Dec 02 04:30:47 GMT 2024","Mon Dec 02 04:30:49 GMT 2024","2394","chromium","09NonAuthorizedUser.spec.js","Unauthorized user","","","TC_09_01_08|  Verify that non authorized user can navigate through  ContactUs page","Verify that ContactUs page is accessible for non authorized user"
"passed","Mon Dec 02 04:31:37 GMT 2024","Mon Dec 02 04:31:40 GMT 2024","2871","chromium","09NonAuthorizedUser.spec.js","Unauthorized user","","","TC_09_04_02 | Verify unauthorised user will be redirected to the Login Page from SSL Сertificates Page after clicking the Select button of the Free subscription SSL Сertificates","Verify that an unauthorized user will be redirected to the Login Page from the Certificates Page after clicking the Select button"
"passed","Mon Dec 02 04:30:39 GMT 2024","Mon Dec 02 04:30:42 GMT 2024","2535","chromium","09NonAuthorizedUser.spec.js","Unauthorized user","","","TC_09_01_05|  Verify that non authorized user can navigate through  Blog page","Verify that Blog page is accessible for non authorized user"
"passed","Mon Dec 02 04:33:01 GMT 2024","Mon Dec 02 04:33:06 GMT 2024","4769","chromium","09NonAuthorizedUser.spec.js","Contact Us","","","TC_09_06_09 | Verify unauthorized users can submit the ""Contact Us"" form for ""Bug/Technical Issue"" Type","Verify unauthorized users can submit the ""Contact Us"" form"
"passed","Mon Dec 02 04:23:09 GMT 2024","Mon Dec 02 04:23:14 GMT 2024","5079","chromium","03Navigation.spec.js","Navigation","","","TC_03_02_02 | Verify navigation to Home page from fromFooterDomainSearch","To verify that user can navigate to Home page from fromFooterDomainSearch."
"passed","Mon Dec 02 04:30:54 GMT 2024","Mon Dec 02 04:30:58 GMT 2024","4170","chromium","09NonAuthorizedUser.spec.js","Unauthorized user","","","TC_09_02_02|  Verify unauthorized user can search occupied domains (no filters)","Verify that unauthorized user can search occupied domains (no filters)"
"passed","Mon Dec 02 04:25:33 GMT 2024","Mon Dec 02 04:25:41 GMT 2024","7484","chromium","04Domains.spec.js","DNS Records","","","TC_04_05 | ""Hosted zones - DNS Record - Create with required fields NS. Ignored optional fields","Verify DNS Record with required fields."
"passed","Mon Dec 02 04:30:03 GMT 2024","Mon Dec 02 04:30:12 GMT 2024","8219","chromium","08MyProfile.spec.js","My profile","","","TC_08_04_02 |  Verify user receives notifications after Account deletion is canceled","To verify, that user receives notifications after Account deletion is canceled"
"passed","Mon Dec 02 04:24:01 GMT 2024","Mon Dec 02 04:24:08 GMT 2024","7463","chromium","04Domains.spec.js","DNS Records","","","TC_04_04 | ""Hosted zones - DNS Record - Create with all fields A","Verify DNS Record created with all fields."
"passed","Mon Dec 02 04:24:46 GMT 2024","Mon Dec 02 04:24:54 GMT 2024","7466","chromium","04Domains.spec.js","DNS Records","","","TC_04_04 | ""Hosted zones - DNS Record - Create with all fields TXT","Verify DNS Record created with all fields."
"passed","Mon Dec 02 04:29:05 GMT 2024","Mon Dec 02 04:29:10 GMT 2024","5041","chromium","08MyProfile.spec.js","My profile","","","TC_08_01 | Verify the Profile Dropdown Menu is displayed on ""My Profile"" Button Click","To verify the Profile Dropdown Menu on clicking ""My Profile"
"passed","Mon Dec 02 04:23:20 GMT 2024","Mon Dec 02 04:23:28 GMT 2024","8187","chromium","04Domains.spec.js","Search domains","","","TC_04_09_01 | Verify user can search the registered domain","To verify, that user is able to search the registered domain in WhoIs"
"passed","Mon Dec 02 04:31:31 GMT 2024","Mon Dec 02 04:31:34 GMT 2024","2695","chromium","09NonAuthorizedUser.spec.js","Unauthorized user","","","TC_09_04_03 | Verify unauthorised user is redirected to the Login Page by clicking on Bulk transfer button on Transfer Page","Verify an unauthorized user is redirected to the Login Page by clicking on the Bulk transfer button on Transfer Page"
"passed","Mon Dec 02 04:28:25 GMT 2024","Mon Dec 02 04:29:05 GMT 2024","39711","chromium","07HelpCenter.spec.js","Help Center","","","TC_07_01_06 | Verify the user can switch between headings in the selected article","Verify that relevant articles are displayed."
"passed","Mon Dec 02 04:30:28 GMT 2024","Mon Dec 02 04:30:31 GMT 2024","2601","chromium","09NonAuthorizedUser.spec.js","Unauthorized user","","","TC_09_01_01|  Verify that non authorized user can navigate through  Transfer page","Verify that Transfer page is accessible for non authorized user"
"passed","Mon Dec 02 04:30:36 GMT 2024","Mon Dec 02 04:30:39 GMT 2024","2689","chromium","09NonAuthorizedUser.spec.js","Unauthorized user","","","TC_09_01_04|  Verify that non authorized user can navigate through  SSLCertificates page","Verify that SSLCertificates page is accessible for non authorized user"
"passed","Mon Dec 02 04:31:48 GMT 2024","Mon Dec 02 04:32:20 GMT 2024","31976","chromium","09NonAuthorizedUser.spec.js","Reset Password","","","TC_09_05_03 | Verify password recovery process","To verify that user can reset the password."
"passed","Mon Dec 02 04:26:11 GMT 2024","Mon Dec 02 04:26:26 GMT 2024","14203","chromium","04Domains.spec.js","Search Hosted Zones","","","TC_04_02 | Verify search by hosted zone name","To verify, that user is able to search a hosted zone by name"
"passed","Mon Dec 02 04:31:43 GMT 2024","Mon Dec 02 04:31:45 GMT 2024","2589","chromium","09NonAuthorizedUser.spec.js","Unauthorized user","","","TC_09_04_02 | Verify unauthorised user will be redirected to the Login Page from SSL Сertificates Page after clicking the Select button of the OV subscription SSL Сertificates","Verify that an unauthorized user will be redirected to the Login Page from the Certificates Page after clicking the Select button"
"passed","Mon Dec 02 04:25:17 GMT 2024","Mon Dec 02 04:25:25 GMT 2024","8460","chromium","04Domains.spec.js","DNS Records","","","TC_04_05 | ""Hosted zones - DNS Record - Create with required fields DS. Ignored optional fields","Verify DNS Record with required fields."
"passed","Mon Dec 02 04:30:42 GMT 2024","Mon Dec 02 04:30:44 GMT 2024","2527","chromium","09NonAuthorizedUser.spec.js","Unauthorized user","","","TC_09_01_06|  Verify that non authorized user can navigate through  HelpCenter page","Verify that HelpCenter page is accessible for non authorized user"
"passed","Mon Dec 02 04:32:41 GMT 2024","Mon Dec 02 04:32:46 GMT 2024","5177","chromium","09NonAuthorizedUser.spec.js","Contact Us","","","TC_09_06_05 | Verify unauthorized users can submit the ""Contact Us"" form for ""Hosting"" Type","Verify unauthorized users can submit the ""Contact Us"" form"
"passed","Mon Dec 02 04:31:24 GMT 2024","Mon Dec 02 04:31:26 GMT 2024","2428","chromium","09NonAuthorizedUser.spec.js","Unauthorized user","","","TC_09_04_01 | Verify unauthorised user is redirected to the Login Page by clicking on the Registered domains link in header","Verify an unauthorized user is redirected to the Login Page by clicking on the Registered domains link in header"
"passed","Mon Dec 02 04:23:41 GMT 2024","Mon Dec 02 04:23:47 GMT 2024","6200","chromium","04Domains.spec.js","DNS Records","","","TC_04_11 | ""Add new DNS-record modal - verify copy button adds text to clipboard.","Verify copy button works properly."
"passed","Mon Dec 02 04:27:45 GMT 2024","Mon Dec 02 04:27:51 GMT 2024","5266","chromium","06Blog.spec.js","Blog","","","TC_06_01 | Verify Blog search functionality with random characters","To verify that ""No results for... "" message appears after search with random characters."
"passed","Mon Dec 02 04:24:16 GMT 2024","Mon Dec 02 04:24:23 GMT 2024","7281","chromium","04Domains.spec.js","DNS Records","","","TC_04_04 | ""Hosted zones - DNS Record - Create with all fields CNAME","Verify DNS Record created with all fields."
"passed","Mon Dec 02 04:27:51 GMT 2024","Mon Dec 02 04:27:56 GMT 2024","4883","chromium","07HelpCenter.spec.js","Help Center","","","TC_07_01_01 | Verify the user can search articles in the Help Center with random characters","To verify the user gets alert-message when searches in the Help Center with random characters."
"passed","Mon Dec 02 04:19:11 GMT 2024","Mon Dec 02 04:19:14 GMT 2024","2620","chromium","01Registration.spec.js","Registration","","","TC_01_02_02 | Verify user is not able to sign up with an invalid email: domain less than 2 characters","Verify that registration fails when an invalid email is used"
"passed","Mon Dec 02 04:19:20 GMT 2024","Mon Dec 02 04:20:38 GMT 2024","78036","chromium","01Registration.spec.js","Registration","","","TC_01_01_03 | Verify redirection to ""Check your email"" form and its elements","Verify redirection to ""Check your email"" form and its elements"
"passed","Mon Dec 02 04:33:26 GMT 2024","Mon Dec 02 04:33:30 GMT 2024","3636","chromium","09NonAuthorizedUser.spec.js","Unauthorised user Domain availability Page","","","TC_09_04_04|  Verify unauthorised user must redirect to the login page from Domain availability Page","Verify unauthorised user must redirect to the login page from Domain availability Page"
"passed","Mon Dec 02 04:23:47 GMT 2024","Mon Dec 02 04:23:54 GMT 2024","6265","chromium","04Domains.spec.js","DNS Records","","","TC_04_12 | ""Add new DNS-record modal - verify info tooltip appeared.","Verify copy button works properly."
"passed","Mon Dec 02 04:22:55 GMT 2024","Mon Dec 02 04:23:00 GMT 2024","4580","chromium","03Navigation.spec.js","Navigation","","","TC_03_01_09 |  Verify that user can navigate through Header links Help center","To verify that user can navigate through Header links."
"passed","Mon Dec 02 04:27:32 GMT 2024","Mon Dec 02 04:27:45 GMT 2024","13805","chromium","06Blog.spec.js","Blog","","","TC_06_05 | Verify sidebar presence and header position on the blog page when switching between headings in the selected article","Verify that user can see autocomplete suggestions correspond to the entered letters in Blog"
"passed","Mon Dec 02 04:28:02 GMT 2024","Mon Dec 02 04:28:11 GMT 2024","9685","chromium","07HelpCenter.spec.js","Help Center","","","TC_07_01_05 | Verify the user can switch between categories","Verify the user can switch between categories and hide categories."
"passed","Mon Dec 02 04:26:04 GMT 2024","Mon Dec 02 04:26:11 GMT 2024","7385","chromium","04Domains.spec.js","DNS Records","","","TC_04_14 | Visual Test: Verify text in dialog ""Add new DNS-record"".","Visual tests: Dialog ""Add new DNS-record"""
"passed","Mon Dec 02 04:26:43 GMT 2024","Mon Dec 02 04:26:50 GMT 2024","7513","chromium","04Domains.spec.js","DNSSEC","","","TC_04_08 | Verify user can enable DNSSEC","To verify DNSSEC can be enabled"
"passed","Mon Dec 02 04:33:06 GMT 2024","Mon Dec 02 04:33:11 GMT 2024","4701","chromium","09NonAuthorizedUser.spec.js","Contact Us","","","TC_09_06_10 | Verify unauthorized users can submit the ""Contact Us"" form for ""Feature/Product Request"" Type","Verify unauthorized users can submit the ""Contact Us"" form"
"passed","Mon Dec 02 04:29:10 GMT 2024","Mon Dec 02 04:29:18 GMT 2024","8204","chromium","08MyProfile.spec.js","My profile","","","TC_08_02_02 | Verify user can change Password when 2FA is disabled","To verify, that user can change Password when Two-factor authentication (2FA) is disabled"
"passed","Mon Dec 02 04:31:29 GMT 2024","Mon Dec 02 04:31:31 GMT 2024","2605","chromium","09NonAuthorizedUser.spec.js","Unauthorized user","","","TC_09_04_01 | Verify unauthorised user is redirected to the Login Page by clicking on the Hosting link in header","Verify an unauthorized user is redirected to the Login Page by clicking on the Hosting link in header"
"passed","Mon Dec 02 04:25:56 GMT 2024","Mon Dec 02 04:26:04 GMT 2024","8170","chromium","04Domains.spec.js","DNS Records","","","TC_04_07 | Verify user can delete DNS record in hosted zone","Delete DNS record in hosted zone"
"passed","Mon Dec 02 04:22:08 GMT 2024","Mon Dec 02 04:22:16 GMT 2024","7513","chromium","02Authorization.spec.js","Delete Account","","","TC_02_04 | Account Deletion Without 2FA","To verify user can delete account without 2FA"
"passed","Mon Dec 02 04:31:26 GMT 2024","Mon Dec 02 04:31:29 GMT 2024","2558","chromium","09NonAuthorizedUser.spec.js","Unauthorized user","","","TC_09_04_01 | Verify unauthorised user is redirected to the Login Page by clicking on the Hosted zones link in header","Verify an unauthorized user is redirected to the Login Page by clicking on the Hosted zones link in header"
"passed","Mon Dec 02 04:25:41 GMT 2024","Mon Dec 02 04:25:48 GMT 2024","7213","chromium","04Domains.spec.js","DNS Records","","","TC_04_05 | ""Hosted zones - DNS Record - Create with required fields TXT. Ignored optional fields","Verify DNS Record with required fields."
"passed","Mon Dec 02 04:22:26 GMT 2024","Mon Dec 02 04:22:31 GMT 2024","4586","chromium","03Navigation.spec.js","Navigation","","","TC_03_01_03 |  Verify that user can navigate through Header links Transfer","To verify that user can navigate through Header links."
"passed","Mon Dec 02 04:29:23 GMT 2024","Mon Dec 02 04:29:28 GMT 2024","4734","chromium","08MyProfile.spec.js","My profile","","","TC_08_02_04 | Verify user can change currency from EUR (€) to USD ($)","To verify that the user can change currency"
"passed","Mon Dec 02 04:18:57 GMT 2024","Mon Dec 02 04:19:06 GMT 2024","8158","chromium","01Registration.spec.js","Registration","","","TC_01_02_01 | Verify user is not able to sign up with an existing email","Verify that registration fails when an existing email is used"
"passed","Mon Dec 02 04:19:17 GMT 2024","Mon Dec 02 04:19:20 GMT 2024","3765","chromium","01Registration.spec.js","Registration","","","TC_01_01_02 | Verify ""Create Password"" form elements and ""Back to Sign Up"" button functionality","TC_01_01_02 | Verify ""Create Password"" form elements and ""Back to Sign Up"" button functionality"
"passed","Mon Dec 02 04:20:54 GMT 2024","Mon Dec 02 04:20:59 GMT 2024","4647","chromium","02Authorization.spec.js","Authorization","","","TC_02_02 |  Verify user can login into their account without 2FA.","To verify user login process without 2FA."
"passed","Mon Dec 02 04:30:21 GMT 2024","Mon Dec 02 04:30:28 GMT 2024","7138","chromium","08MyProfile.spec.js","My profile. Section 2FA","","","TC_08_02_03 | Verify the user can enable/disable Two-factor authentication (2FA)","Verify the user can enable/disable Two-factor authentication (2FA)"
"skipped","Mon Dec 02 04:31:05 GMT 2024","Mon Dec 02 04:31:05 GMT 2024","0","chromium","09NonAuthorizedUser.spec.js","Unauthorized user","","","TC_09_03_05 | Verify unauthorized user can select TLD in different categories and see relevant search results",""
"passed","Mon Dec 02 04:28:11 GMT 2024","Mon Dec 02 04:28:18 GMT 2024","6353","chromium","07HelpCenter.spec.js","Help Center","","","TC_07_01_04 | Verify Search articles with Valid Query","Verify that relevant articles are displayed."
"passed","Mon Dec 02 04:23:00 GMT 2024","Mon Dec 02 04:23:04 GMT 2024","4741","chromium","03Navigation.spec.js","Navigation","","","TC_03_01_10 |  Verify that user can navigate through Header links Home","To verify that user can navigate through Header links."
"passed","Mon Dec 02 04:29:33 GMT 2024","Mon Dec 02 04:29:37 GMT 2024","4670","chromium","08MyProfile.spec.js","My profile","","","TC_08_06 | Verify user can change currency from EUR (€) to USD ($) in the Profile Menu","To verify, that the user can change currency USD (EUR) in the Profile Menu"
"passed","Mon Dec 02 04:32:36 GMT 2024","Mon Dec 02 04:32:41 GMT 2024","5201","chromium","09NonAuthorizedUser.spec.js","Contact Us","","","TC_09_06_04 | Verify unauthorized users can submit the ""Contact Us"" form for ""Pre-Sales"" Type","Verify unauthorized users can submit the ""Contact Us"" form"
"passed","Mon Dec 02 04:26:33 GMT 2024","Mon Dec 02 04:26:42 GMT 2024","8307","chromium","04Domains.spec.js","Hosted zones","","","TC_04_03_01| Verify user can create hosted zone","To verify, that user is able to create hosted zone"
"passed","Mon Dec 02 04:22:21 GMT 2024","Mon Dec 02 04:22:26 GMT 2024","5366","chromium","03Navigation.spec.js","Navigation","","","TC_03_01_02 |  Verify that user can navigate through Header links Hosted zones","To verify that user can navigate through Header links."
"passed","Mon Dec 02 04:30:31 GMT 2024","Mon Dec 02 04:30:34 GMT 2024","2648","chromium","09NonAuthorizedUser.spec.js","Unauthorized user","","","TC_09_01_02|  Verify that non authorized user can navigate through  HomePage page","Verify that HomePage page is accessible for non authorized user"
